filename,width,height,class,xmin,ymin,xmax,ymax
125.jpg,225,224,SquashBug,55,77,132,170
09.jpg,224,224,AphId,86,55,146,133
24.jpg,225,224,BeanLeafBeetle,85,45,169,121
77.jpg,225,224,ColoradoPotatoBeetle,49,87,154,138
93.jpg,225,224,ColoradoPotatoBeetle,21,98,108,168
16.jpg,224,224,AphId,69,59,157,147
03.jpg,224,224,AphId,66,71,156,148
122.jpg,225,224,SquashBug,62,74,120,168
80.jpg,225,224,ColoradoPotatoBeetle,72,45,142,119
104.jpg,225,224,Cutworm,25,86,109,196
59.jpg,225,224,CabbageLooper,20,105,205,186
113.jpg,225,224,SquashBug,64,75,118,197
113.jpg,225,224,SquashBug,130,88,199,136
40.jpg,225,224,BeanLeafBeetle,33,53,156,149
78.jpg,225,224,ColoradoPotatoBeetle,123,78,172,178
07.jpg,224,224,AphId,42,116,135,180
69.jpg,225,224,CabbageLooper,35,73,197,147
29.jpg,225,224,BeanLeafBeetle,81,43,170,199
44.jpg,225,224,BeanLeafBeetle,68,60,148,136
42.jpg,225,224,BeanLeafBeetle,100,102,150,172
08.jpg,224,224,AphId,34,71,155,162
118.jpg,225,224,SquashBug,95,62,121,156
31.jpg,225,224,BeanLeafBeetle,63,82,140,165
04.jpg,224,224,AphId,45,37,82,141
94.jpg,225,224,ColoradoPotatoBeetle,82,99,126,159
28.jpg,225,224,BeanLeafBeetle,27,90,137,180
65.jpg,225,224,CabbageLooper,15,53,209,178
43.jpg,225,224,BeanLeafBeetle,109,91,144,155
67.jpg,225,224,CabbageLooper,57,75,155,167
129.jpg,225,224,SquashBug,70,67,122,166
54.jpg,225,224,CabbageLooper,64,112,162,178
41.jpg,225,224,BeanLeafBeetle,78,55,147,140
15.jpg,224,224,AphId,119,61,172,162
01.jpg,224,224,AphId,76,103,163,167
106.jpg,225,224,Cutworm,16,36,141,209
131.jpg,225,224,SquashBug,95,110,129,191
68.jpg,225,224,CabbageLooper,49,93,179,137
26.jpg,225,224,BeanLeafBeetle,92,78,128,178
132.jpg,225,224,SquashBug,74,26,112,139
11.jpg,224,224,AphId,47,47,176,143
135.jpg,225,224,SquashBug,80,84,139,125
105.jpg,225,224,Cutworm,44,15,170,169
34.jpg,225,224,BeanLeafBeetle,63,77,181,193
18.jpg,225,224,BeanLeafBeetle,76,89,141,159
109.jpg,225,224,Cutworm,15,98,211,141
84.jpg,225,224,ColoradoPotatoBeetle,89,85,127,141
17.jpg,224,224,AphId,112,25,164,148
139.jpg,225,224,SquashBug,133,96,197,164
115.jpg,225,224,SquashBug,81,64,138,136
133.jpg,225,224,SquashBug,72,78,135,207
81.jpg,225,224,ColoradoPotatoBeetle,58,64,140,166
127.jpg,225,224,SquashBug,94,89,167,145
107.jpg,225,224,Cutworm,21,71,192,125
35.jpg,225,224,BeanLeafBeetle,88,47,162,155
19.jpg,225,224,BeanLeafBeetle,44,36,183,186
05.jpg,224,224,AphId,45,80,155,148
75.jpg,225,224,ColoradoPotatoBeetle,74,84,152,140
56.jpg,225,224,CabbageLooper,99,100,157,142
47.jpg,225,224,BeanLeafBeetle,110,81,155,178
95.jpg,225,224,ColoradoPotatoBeetle,85,83,137,135
72.jpg,225,224,CabbageLooper,47,98,157,126
100.jpg,225,224,Cutworm,47,43,177,195
137.jpg,225,224,SquashBug,74,79,166,166
126.jpg,225,224,SquashBug,118,75,139,136
126.jpg,225,224,SquashBug,74,97,105,154
120.jpg,225,224,SquashBug,73,75,145,113
114.jpg,225,224,SquashBug,66,89,150,135
134.jpg,225,224,SquashBug,35,78,148,154
98.jpg,225,224,Cutworm,20,69,205,158
87.jpg,225,224,ColoradoPotatoBeetle,44,20,181,186
99.jpg,225,224,Cutworm,16,36,94,155
99.jpg,225,224,Cutworm,104,24,193,201
116.jpg,225,224,SquashBug,106,40,171,135
58.jpg,225,224,CabbageLooper,47,110,204,199
45.jpg,225,224,BeanLeafBeetle,70,84,158,153
53.jpg,225,224,CabbageLooper,65,107,164,173
88.jpg,225,224,ColoradoPotatoBeetle,38,44,133,177
130.jpg,225,224,SquashBug,35,101,95,157
52.jpg,225,224,CabbageLooper,50,104,174,151
32.jpg,225,224,BeanLeafBeetle,88,67,146,147
33.jpg,225,224,BeanLeafBeetle,34,60,156,142
79.jpg,225,224,ColoradoPotatoBeetle,67,51,130,120
25.jpg,225,224,BeanLeafBeetle,104,71,139,154
97.jpg,225,224,ColoradoPotatoBeetle,97,110,128,145
48.jpg,225,224,CabbageLooper,28,57,177,182
30.jpg,225,224,BeanLeafBeetle,85,80,142,139
141.jpg,225,224,SquashBug,91,83,143,146
143.jpg,225,224,SquashBug,96,95,137,122
138.jpg,225,224,SquashBug,82,65,157,165
136.jpg,225,224,SquashBug,94,50,141,164
62.jpg,225,224,CabbageLooper,65,82,146,177
117.jpg,225,224,SquashBug,111,66,142,167
86.jpg,225,224,ColoradoPotatoBeetle,85,79,128,161
20.jpg,225,224,BeanLeafBeetle,49,36,201,185
76.jpg,225,224,ColoradoPotatoBeetle,82,92,159,146
71.jpg,225,224,CabbageLooper,25,23,185,108
73.jpg,225,224,ColoradoPotatoBeetle,86,38,140,125
123.jpg,225,224,SquashBug,78,60,155,176
49.jpg,225,224,CabbageLooper,3,37,220,224
64.jpg,225,224,CabbageLooper,23,78,214,170
74.jpg,225,224,ColoradoPotatoBeetle,40,5,191,166
23.jpg,225,224,BeanLeafBeetle,95,75,170,135
142.jpg,225,224,SquashBug,60,85,163,166
145.jpg,225,224,SquashBug,91,69,186,150
90.jpg,225,224,ColoradoPotatoBeetle,57,24,174,135
39.jpg,225,224,BeanLeafBeetle,69,79,145,192
51.jpg,225,224,CabbageLooper,38,91,178,189
50.jpg,225,224,CabbageLooper,34,60,209,195
96.jpg,225,224,ColoradoPotatoBeetle,62,84,141,156
70.jpg,225,224,CabbageLooper,35,56,197,150
22.jpg,225,224,BeanLeafBeetle,82,58,152,140
36.jpg,225,224,BeanLeafBeetle,34,71,153,159
110.jpg,225,224,Cutworm,42,94,149,168
103.jpg,225,224,Cutworm,46,47,206,198
63.jpg,225,224,CabbageLooper,41,75,155,178
02.jpg,224,224,AphId,92,99,127,131
112.jpg,225,224,SquashBug,37,81,119,134
112.jpg,225,224,SquashBug,122,89,194,140
128.jpg,225,224,SquashBug,66,34,148,87
128.jpg,225,224,SquashBug,47,132,126,193
37.jpg,225,224,BeanLeafBeetle,108,101,143,159
57.jpg,225,224,CabbageLooper,77,89,126,119
27.jpg,225,224,BeanLeafBeetle,92,81,126,177
46.jpg,225,224,BeanLeafBeetle,74,73,120,142
89.jpg,225,224,ColoradoPotatoBeetle,69,73,156,149
66.jpg,225,224,CabbageLooper,9,42,216,183
92.jpg,225,224,ColoradoPotatoBeetle,53,92,113,155
102.jpg,225,224,Cutworm,7,81,196,147
38.jpg,225,224,BeanLeafBeetle,64,63,154,187
119.jpg,225,224,SquashBug,87,82,139,116
146.jpg,225,224,SquashBug,66,62,141,140
85.jpg,225,224,ColoradoPotatoBeetle,72,78,137,150
108.jpg,225,224,Cutworm,13,48,129,117
55.jpg,225,224,CabbageLooper,28,32,210,207
82.jpg,225,224,ColoradoPotatoBeetle,63,74,133,117
06.jpg,224,224,AphId,80,87,159,154
21.jpg,225,224,BeanLeafBeetle,88,66,152,155
12.jpg,224,224,AphId,31,33,163,185
61.jpg,225,224,CabbageLooper,50,12,168,209
121.jpg,225,224,SquashBug,135,88,162,123
121.jpg,225,224,SquashBug,54,99,105,139
14.jpg,224,224,AphId,39,36,121,87
14.jpg,224,224,AphId,138,89,179,172
111.jpg,225,224,Cutworm,5,83,219,148
101.jpg,225,224,Cutworm,44,79,182,144
144.jpg,225,224,SquashBug,77,92,131,121
83.jpg,225,224,ColoradoPotatoBeetle,66,51,155,170
60.jpg,225,224,CabbageLooper,36,115,198,153
91.jpg,225,224,ColoradoPotatoBeetle,78,68,168,175
124.jpg,225,224,SquashBug,35,86,118,139
124.jpg,225,224,SquashBug,118,100,191,145
140.jpg,225,224,SquashBug,61,72,142,153
13.jpg,224,224,AphId,67,70,154,151
10.jpg,224,224,AphId,23,26,168,147
