<annotation>
	<folder>train</folder>
	<filename>06.jpg</filename>
	<path>/home/dao/TensorFlow/workspace/images/train/06.jpg</path>
	<source>
		<database>Unknown</database>
	</source>
	<size>
		<width>224</width>
		<height>224</height>
		<depth>3</depth>
	</size>
	<segmented>0</segmented>
	<object>
		<name>aphid</name>
		<pose>Unspecified</pose>
		<truncated>0</truncated>
		<difficult>0</difficult>
		<bndbox>
			<xmin>80</xmin>
			<ymin>87</ymin>
			<xmax>159</xmax>
			<ymax>154</ymax>
		</bndbox>
	</object>
</annotation>
