<annotation>
	<folder>train</folder>
	<filename>103.jpg</filename>
	<path>/home/dao/TensorFlow/workspace/images/train/103.jpg</path>
	<source>
		<database>Unknown</database>
	</source>
	<size>
		<width>225</width>
		<height>224</height>
		<depth>3</depth>
	</size>
	<segmented>0</segmented>
	<object>
		<name>cutworm</name>
		<pose>Unspecified</pose>
		<truncated>0</truncated>
		<difficult>0</difficult>
		<bndbox>
			<xmin>46</xmin>
			<ymin>47</ymin>
			<xmax>206</xmax>
			<ymax>198</ymax>
		</bndbox>
	</object>
</annotation>
