<annotation>
	<folder>train</folder>
	<filename>108.jpg</filename>
	<path>/home/dao/TensorFlow/workspace/images/train/108.jpg</path>
	<source>
		<database>Unknown</database>
	</source>
	<size>
		<width>225</width>
		<height>224</height>
		<depth>3</depth>
	</size>
	<segmented>0</segmented>
	<object>
		<name>cutworm</name>
		<pose>Unspecified</pose>
		<truncated>0</truncated>
		<difficult>0</difficult>
		<bndbox>
			<xmin>13</xmin>
			<ymin>48</ymin>
			<xmax>129</xmax>
			<ymax>117</ymax>
		</bndbox>
	</object>
</annotation>
