<annotation>
	<folder>train</folder>
	<filename>110.jpg</filename>
	<path>/home/dao/TensorFlow/workspace/images/train/110.jpg</path>
	<source>
		<database>Unknown</database>
	</source>
	<size>
		<width>225</width>
		<height>224</height>
		<depth>3</depth>
	</size>
	<segmented>0</segmented>
	<object>
		<name>cutworm</name>
		<pose>Unspecified</pose>
		<truncated>0</truncated>
		<difficult>0</difficult>
		<bndbox>
			<xmin>42</xmin>
			<ymin>94</ymin>
			<xmax>149</xmax>
			<ymax>168</ymax>
		</bndbox>
	</object>
</annotation>
