<annotation>
	<folder>train</folder>
	<filename>112.jpg</filename>
	<path>/home/dao/TensorFlow/workspace/images/train/112.jpg</path>
	<source>
		<database>Unknown</database>
	</source>
	<size>
		<width>225</width>
		<height>224</height>
		<depth>3</depth>
	</size>
	<segmented>0</segmented>
	<object>
		<name>squash_bug</name>
		<pose>Unspecified</pose>
		<truncated>0</truncated>
		<difficult>0</difficult>
		<bndbox>
			<xmin>37</xmin>
			<ymin>81</ymin>
			<xmax>119</xmax>
			<ymax>134</ymax>
		</bndbox>
	</object>
	<object>
		<name>squash_bug</name>
		<pose>Unspecified</pose>
		<truncated>0</truncated>
		<difficult>0</difficult>
		<bndbox>
			<xmin>122</xmin>
			<ymin>89</ymin>
			<xmax>194</xmax>
			<ymax>140</ymax>
		</bndbox>
	</object>
</annotation>
