<annotation>
	<folder>train</folder>
	<filename>116.jpg</filename>
	<path>/home/dao/TensorFlow/workspace/images/train/116.jpg</path>
	<source>
		<database>Unknown</database>
	</source>
	<size>
		<width>225</width>
		<height>224</height>
		<depth>3</depth>
	</size>
	<segmented>0</segmented>
	<object>
		<name>squash_bug</name>
		<pose>Unspecified</pose>
		<truncated>0</truncated>
		<difficult>0</difficult>
		<bndbox>
			<xmin>106</xmin>
			<ymin>40</ymin>
			<xmax>171</xmax>
			<ymax>135</ymax>
		</bndbox>
	</object>
</annotation>
