<annotation>
	<folder>train</folder>
	<filename>118.jpg</filename>
	<path>/home/dao/TensorFlow/workspace/images/train/118.jpg</path>
	<source>
		<database>Unknown</database>
	</source>
	<size>
		<width>225</width>
		<height>224</height>
		<depth>3</depth>
	</size>
	<segmented>0</segmented>
	<object>
		<name>squash_bug</name>
		<pose>Unspecified</pose>
		<truncated>0</truncated>
		<difficult>0</difficult>
		<bndbox>
			<xmin>95</xmin>
			<ymin>62</ymin>
			<xmax>121</xmax>
			<ymax>156</ymax>
		</bndbox>
	</object>
</annotation>
