<annotation>
	<folder>train</folder>
	<filename>121.jpg</filename>
	<path>/home/dao/TensorFlow/workspace/images/train/121.jpg</path>
	<source>
		<database>Unknown</database>
	</source>
	<size>
		<width>225</width>
		<height>224</height>
		<depth>3</depth>
	</size>
	<segmented>0</segmented>
	<object>
		<name>squash_bug</name>
		<pose>Unspecified</pose>
		<truncated>0</truncated>
		<difficult>0</difficult>
		<bndbox>
			<xmin>135</xmin>
			<ymin>88</ymin>
			<xmax>162</xmax>
			<ymax>123</ymax>
		</bndbox>
	</object>
	<object>
		<name>squash_bug</name>
		<pose>Unspecified</pose>
		<truncated>0</truncated>
		<difficult>0</difficult>
		<bndbox>
			<xmin>54</xmin>
			<ymin>99</ymin>
			<xmax>105</xmax>
			<ymax>139</ymax>
		</bndbox>
	</object>
</annotation>
