<annotation>
	<folder>train</folder>
	<filename>124.jpg</filename>
	<path>/home/dao/TensorFlow/workspace/images/train/124.jpg</path>
	<source>
		<database>Unknown</database>
	</source>
	<size>
		<width>225</width>
		<height>224</height>
		<depth>3</depth>
	</size>
	<segmented>0</segmented>
	<object>
		<name>squash_bug</name>
		<pose>Unspecified</pose>
		<truncated>0</truncated>
		<difficult>0</difficult>
		<bndbox>
			<xmin>35</xmin>
			<ymin>86</ymin>
			<xmax>118</xmax>
			<ymax>139</ymax>
		</bndbox>
	</object>
	<object>
		<name>squash_bug</name>
		<pose>Unspecified</pose>
		<truncated>0</truncated>
		<difficult>0</difficult>
		<bndbox>
			<xmin>118</xmin>
			<ymin>100</ymin>
			<xmax>191</xmax>
			<ymax>145</ymax>
		</bndbox>
	</object>
</annotation>
