<annotation>
	<folder>train</folder>
	<filename>126.jpg</filename>
	<path>/home/dao/TensorFlow/workspace/images/train/126.jpg</path>
	<source>
		<database>Unknown</database>
	</source>
	<size>
		<width>225</width>
		<height>224</height>
		<depth>3</depth>
	</size>
	<segmented>0</segmented>
	<object>
		<name>squash_bug</name>
		<pose>Unspecified</pose>
		<truncated>0</truncated>
		<difficult>0</difficult>
		<bndbox>
			<xmin>118</xmin>
			<ymin>75</ymin>
			<xmax>139</xmax>
			<ymax>136</ymax>
		</bndbox>
	</object>
	<object>
		<name>squash_bug</name>
		<pose>Unspecified</pose>
		<truncated>0</truncated>
		<difficult>0</difficult>
		<bndbox>
			<xmin>74</xmin>
			<ymin>97</ymin>
			<xmax>105</xmax>
			<ymax>154</ymax>
		</bndbox>
	</object>
</annotation>
