<annotation>
	<folder>train</folder>
	<filename>128.jpg</filename>
	<path>/home/dao/TensorFlow/workspace/images/train/128.jpg</path>
	<source>
		<database>Unknown</database>
	</source>
	<size>
		<width>225</width>
		<height>224</height>
		<depth>3</depth>
	</size>
	<segmented>0</segmented>
	<object>
		<name>squash_bug</name>
		<pose>Unspecified</pose>
		<truncated>0</truncated>
		<difficult>0</difficult>
		<bndbox>
			<xmin>66</xmin>
			<ymin>34</ymin>
			<xmax>148</xmax>
			<ymax>87</ymax>
		</bndbox>
	</object>
	<object>
		<name>squash_bug</name>
		<pose>Unspecified</pose>
		<truncated>0</truncated>
		<difficult>0</difficult>
		<bndbox>
			<xmin>47</xmin>
			<ymin>132</ymin>
			<xmax>126</xmax>
			<ymax>193</ymax>
		</bndbox>
	</object>
</annotation>
