<annotation>
	<folder>train</folder>
	<filename>14.jpg</filename>
	<path>/home/dao/TensorFlow/workspace/images/train/14.jpg</path>
	<source>
		<database>Unknown</database>
	</source>
	<size>
		<width>224</width>
		<height>224</height>
		<depth>3</depth>
	</size>
	<segmented>0</segmented>
	<object>
		<name>aphid</name>
		<pose>Unspecified</pose>
		<truncated>0</truncated>
		<difficult>0</difficult>
		<bndbox>
			<xmin>39</xmin>
			<ymin>36</ymin>
			<xmax>121</xmax>
			<ymax>87</ymax>
		</bndbox>
	</object>
	<object>
		<name>aphid</name>
		<pose>Unspecified</pose>
		<truncated>0</truncated>
		<difficult>0</difficult>
		<bndbox>
			<xmin>138</xmin>
			<ymin>89</ymin>
			<xmax>179</xmax>
			<ymax>172</ymax>
		</bndbox>
	</object>
</annotation>
