<annotation>
	<folder>train</folder>
	<filename>16.jpg</filename>
	<path>/home/dao/TensorFlow/workspace/images/train/16.jpg</path>
	<source>
		<database>Unknown</database>
	</source>
	<size>
		<width>224</width>
		<height>224</height>
		<depth>3</depth>
	</size>
	<segmented>0</segmented>
	<object>
		<name>aphid</name>
		<pose>Unspecified</pose>
		<truncated>0</truncated>
		<difficult>0</difficult>
		<bndbox>
			<xmin>69</xmin>
			<ymin>59</ymin>
			<xmax>157</xmax>
			<ymax>147</ymax>
		</bndbox>
	</object>
</annotation>
