<annotation>
	<folder>train</folder>
	<filename>25.jpg</filename>
	<path>/home/dao/TensorFlow/workspace/images/train/25.jpg</path>
	<source>
		<database>Unknown</database>
	</source>
	<size>
		<width>225</width>
		<height>224</height>
		<depth>3</depth>
	</size>
	<segmented>0</segmented>
	<object>
		<name>bean_leaf_beetle</name>
		<pose>Unspecified</pose>
		<truncated>0</truncated>
		<difficult>0</difficult>
		<bndbox>
			<xmin>104</xmin>
			<ymin>71</ymin>
			<xmax>139</xmax>
			<ymax>154</ymax>
		</bndbox>
	</object>
</annotation>
