<annotation>
	<folder>train</folder>
	<filename>29.jpg</filename>
	<path>/home/dao/TensorFlow/workspace/images/train/29.jpg</path>
	<source>
		<database>Unknown</database>
	</source>
	<size>
		<width>225</width>
		<height>224</height>
		<depth>3</depth>
	</size>
	<segmented>0</segmented>
	<object>
		<name>bean_leaf_beetle</name>
		<pose>Unspecified</pose>
		<truncated>0</truncated>
		<difficult>0</difficult>
		<bndbox>
			<xmin>81</xmin>
			<ymin>43</ymin>
			<xmax>170</xmax>
			<ymax>199</ymax>
		</bndbox>
	</object>
</annotation>
