<annotation>
	<folder>train</folder>
	<filename>40.jpg</filename>
	<path>/home/dao/TensorFlow/workspace/images/train/40.jpg</path>
	<source>
		<database>Unknown</database>
	</source>
	<size>
		<width>225</width>
		<height>224</height>
		<depth>3</depth>
	</size>
	<segmented>0</segmented>
	<object>
		<name>bean_leaf_beetle</name>
		<pose>Unspecified</pose>
		<truncated>0</truncated>
		<difficult>0</difficult>
		<bndbox>
			<xmin>33</xmin>
			<ymin>53</ymin>
			<xmax>156</xmax>
			<ymax>149</ymax>
		</bndbox>
	</object>
</annotation>
