<annotation>
	<folder>train</folder>
	<filename>52.jpg</filename>
	<path>/home/dao/TensorFlow/workspace/images/train/52.jpg</path>
	<source>
		<database>Unknown</database>
	</source>
	<size>
		<width>225</width>
		<height>224</height>
		<depth>3</depth>
	</size>
	<segmented>0</segmented>
	<object>
		<name>cabbage_looper</name>
		<pose>Unspecified</pose>
		<truncated>0</truncated>
		<difficult>0</difficult>
		<bndbox>
			<xmin>50</xmin>
			<ymin>104</ymin>
			<xmax>174</xmax>
			<ymax>151</ymax>
		</bndbox>
	</object>
</annotation>
