<annotation>
	<folder>train</folder>
	<filename>67.jpg</filename>
	<path>/home/dao/TensorFlow/workspace/images/train/67.jpg</path>
	<source>
		<database>Unknown</database>
	</source>
	<size>
		<width>225</width>
		<height>224</height>
		<depth>3</depth>
	</size>
	<segmented>0</segmented>
	<object>
		<name>cabbage_looper</name>
		<pose>Unspecified</pose>
		<truncated>0</truncated>
		<difficult>0</difficult>
		<bndbox>
			<xmin>57</xmin>
			<ymin>75</ymin>
			<xmax>155</xmax>
			<ymax>167</ymax>
		</bndbox>
	</object>
</annotation>
