<annotation>
	<folder>train</folder>
	<filename>76.jpg</filename>
	<path>/home/dao/TensorFlow/workspace/images/train/76.jpg</path>
	<source>
		<database>Unknown</database>
	</source>
	<size>
		<width>225</width>
		<height>224</height>
		<depth>3</depth>
	</size>
	<segmented>0</segmented>
	<object>
		<name>colorado_potato_beetle</name>
		<pose>Unspecified</pose>
		<truncated>0</truncated>
		<difficult>0</difficult>
		<bndbox>
			<xmin>82</xmin>
			<ymin>92</ymin>
			<xmax>159</xmax>
			<ymax>146</ymax>
		</bndbox>
	</object>
</annotation>
