<annotation>
	<folder>train</folder>
	<filename>85.jpg</filename>
	<path>/home/dao/TensorFlow/workspace/images/train/85.jpg</path>
	<source>
		<database>Unknown</database>
	</source>
	<size>
		<width>225</width>
		<height>224</height>
		<depth>3</depth>
	</size>
	<segmented>0</segmented>
	<object>
		<name>colorado_potato_beetle</name>
		<pose>Unspecified</pose>
		<truncated>0</truncated>
		<difficult>0</difficult>
		<bndbox>
			<xmin>72</xmin>
			<ymin>78</ymin>
			<xmax>137</xmax>
			<ymax>150</ymax>
		</bndbox>
	</object>
</annotation>
