<annotation>
	<folder>train</folder>
	<filename>99.jpg</filename>
	<path>/home/dao/TensorFlow/workspace/images/train/99.jpg</path>
	<source>
		<database>Unknown</database>
	</source>
	<size>
		<width>225</width>
		<height>224</height>
		<depth>3</depth>
	</size>
	<segmented>0</segmented>
	<object>
		<name>cutworm</name>
		<pose>Unspecified</pose>
		<truncated>0</truncated>
		<difficult>0</difficult>
		<bndbox>
			<xmin>16</xmin>
			<ymin>36</ymin>
			<xmax>94</xmax>
			<ymax>155</ymax>
		</bndbox>
	</object>
	<object>
		<name>cutworm</name>
		<pose>Unspecified</pose>
		<truncated>0</truncated>
		<difficult>0</difficult>
		<bndbox>
			<xmin>104</xmin>
			<ymin>24</ymin>
			<xmax>193</xmax>
			<ymax>201</ymax>
		</bndbox>
	</object>
</annotation>
